種類,音,番号,レベル1,レベル2,レベル3
単語,あ,1,あか,ドア,コアラ
単語,あ,2,あさ,ペア,しあい
単語,あ,3,あし,レア,てあて
単語,あ,4,あな,クリア,にあう
単語,あ,5,あめ,ココア,ピアノ
単語,あ,6,アイス,ストア,かけあし
単語,あ,7,あくび,イタリア,からあげ
単語,あ,8,あした,エクレア,しあわせ
単語,あ,9,あたま,パパイア,たこあげ
単語,あ,10,あひる,ババロア,みずあび
単語,あ,11,あいさつ,インテリア,さかあがり
単語,あ,12,あさがお,フリージア,さつまあげ
単語,あ,13,アルバム,スキーウェア,できあがり
単語,あ,14,あまのがわ,ボランティア,ドライアイス
単語,あ,15,あとかたづけ,サービスエリア,まちあいしつ
短文,あ,1,ドアを あける,,
短文,あ,2,あした あそぶ,,
短文,あ,3,あかい えんぴつを あげる,,
短文,あ,4,あまい アイス,,
短文,あ,5,コアラの あくび,,
短文,あ,6,あわてて ドアを あける,,
短文,あ,7,あした あのこうえんで あそぶ,,
短文,あ,8,あかと あおの えんぴつを あげる,,
短文,あ,9,あまい アイスと エクレア,,
短文,あ,10,あそこの コアラが あくびする,,
短文,あ,11,あわてて まちあいしつの ドアを あける,,
短文,あ,12,あした あのこうえんで あなたと あそびたい,,
短文,あ,13,あかと あおの えんぴつを あのこに あげる,,
短文,あ,14,あそこの ストアで アイスと エクレアを かう,,
短文,あ,15,あそこの あわてんぼうの コアラが あくびする,,
単語,い,1,いえ,かい,あいて
単語,い,2,いか,こい,クイズ
単語,い,3,いし,パイ,すいか
単語,い,4,いす,あまい,たいこ
単語,い,5,いぬ,せかい,マイク
単語,い,6,いちご,におい,あいさつ
単語,い,7,いつも,はやい,かいだん
単語,い,8,いなか,やさい,さいころ
単語,い,9,いのち,あじさい,だいこん
単語,い,10,いるか,おしまい,ライオン
単語,い,11,いちばん,こうたい,こいのぼり
単語,い,12,いのしし,てつだい,すいようび
単語,い,13,いりぐち,おもしろい,ほいくえん
単語,い,14,いただきます,かみしばい,カレーライス
単語,い,15,インターネット,うんどうかい,サンドイッチ
短文,い,1,きいろの いと,,
短文,い,2,かいものに いく,,
短文,い,3,あかい いちご,,
短文,い,4,イルカショーを みにいく,,
短文,い,5,いもうとの たいこ,,
短文,い,6,きいろい いと,,
短文,い,7,いっしょに かいものに いく,,
短文,い,8,あかい いちごが いっぱい,,
短文,い,9,おもしろい イルカショーを みにいく,,
短文,い,10,いもうとが たいこを たたいた,,
短文,い,11,きいろい いとが いちばん すき,,
短文,い,12,いつも いっしょに かいものに いく,,
短文,い,13,あかい いちごは あまいので いっぱい たべる,,
短文,い,14,すいようび おもしろい イルカショーを みにいく,,
短文,い,15,かわいい いもうとが たいこを たたいた,,
単語,う,1,うえ,あう,こうま
単語,う,2,うし,かう,たうえ
単語,う,3,うた,そう,ねうち
単語,う,4,うま,ぬう,しまうま
単語,う,5,うみ,あらう,とびうお
単語,う,6,うがい,おもう,はちうえ
単語,う,7,うさぎ,かよう,ブラウス
単語,う,8,うしろ,さそう,みずうみ
単語,う,9,うちわ,つかう,アナウンス
単語,う,10,うどん,らいう,こもりうた
単語,う,11,うぐいす,あじわう,しろうさぎ
単語,う,12,うたごえ,おこなう,アナウンサー
単語,う,13,うれしい,てつだう,うちゅうせん
単語,う,14,うえきばち,たすけあう,てうちうどん
単語,う,15,うんてんしゅ,はなしあう,なみうちぎわ
短文,う,1,うさぎの もよう,,
短文,う,2,うどんは うまい,,
短文,う,3,うたを ならう,,
短文,う,4,うまと うし,,
短文,う,5,たうえを てつだう,,
短文,う,6,うさぎの もようの ブラウス,,
短文,う,7,てうちの うどんは うまい,,
短文,う,8,うたを うたう,,
短文,う,9,うまと うしと うさぎ,,
短文,う,10,うらの たんぼの たうえを てつだう,,
短文,う,11,うさぎの もようの ブラウスを かう,,
短文,う,12,うどんやの てうちの うどんは うまい,,
短文,う,13,うつくしい こえで うたを うたう,,
短文,う,14,うちには うまと うしと うさぎが いる,,
短文,う,15,このおうちの うらの たんぼの たうえを てつだう,,
単語,え,1,えき,こえ,うえき
単語,え,2,えさ,ちえ,かえる
単語,え,3,えだ,つえ,こえだ
単語,え,4,えび,ふえ,ピエロ
単語,え,5,えり,まえ,まえば
単語,え,6,えいが,きがえ,きこえる
単語,え,7,えいご,こたえ,こたえる
単語,え,8,えがお,つくえ,ねがえり
単語,え,9,えのぐ,なまえ,まえあし
単語,え,10,えほん,ぬりえ,あまがえる
単語,え,11,えだまめ,うたごえ,うえきばち
単語,え,12,エプロン,えきまえ,ゆうえんち
単語,え,13,えんぴつ,くちぶえ,ようちえん
単語,え,14,えかきうた,もようがえ,いろえんぴつ
単語,え,15,エレベーター,わらいごえ,どうぶつえん
短文,え,1,いえに かえる,,
短文,え,2,うえきばちの かえる,,
短文,え,3,いろえんぴつの え,,
短文,え,4,エレベーターで わらいごえが する,,
短文,え,5,ほいくえんの えんそく,,
短文,え,6,こうえんから いえに かえる,,
短文,え,7,いえの うえきばちにいる かえる,,
短文,え,8,つくえにある いろえんぴつの え,,
短文,え,9,えきの エレベーターで わらいごえが する,,
短文,え,10,ほいくえんの えんそくは どうぶつえん,,
短文,え,11,こうえんから いえに かえって きがえる,,
短文,え,12,いえの まえにある うえきばちの かえる,,
短文,え,13,つくえの うえで いろえんぴつで えを かいた,,
短文,え,14,えきの エレベーターで わらいごえが きこえる,,
短文,え,15,ほいくえんの えんそくは どうぶつえんと こたえた,,
単語,お,1,おう,あお,かおり
単語,お,2,おか,かお,しおり
単語,お,3,おと,さお,タオル
単語,お,4,おに,しお,やおや
単語,お,5,おや,えがお,あおぞら
単語,お,6,おかし,かつお,あしおと
単語,お,7,おとな,すなお,いきおい
単語,お,8,おなか,ねがお,しおあじ
単語,お,9,おばけ,ビデオ,ちちおや
単語,お,10,おみせ,ごましお,にがおえ
単語,お,11,おうさま,スタジオ,はやおき
単語,お,12,おにぎり,つりざお,しおひがり
単語,お,13,おりがみ,ピノキオ,なかなおり
単語,お,14,おめでとう,とくいがお,バイオリン
単語,お,15,オリンピック,ものほしざお,たいおんけい
短文,お,1,おにが おってくる,,
短文,お,2,おみせの おかし,,
短文,お,3,おなかの おと,,
短文,お,4,ちちおやの にがおえ,,
短文,お,5,おりづるを おる,,
短文,お,6,あおい おにが おってくる,,
短文,お,7,おみせの おかしを かおう,,
短文,お,8,おなかの おとに おどろいた,,
短文,お,9,おこった ちちおやの にがおえ,,
短文,お,10,おりがみで おりづるを おる,,
短文,お,11,おこった あおい おにが おってくる,,
短文,お,12,おみせの おいしい おかしを かおう,,
短文,お,13,おおきな おなかの おとに おどろいた,,
短文,お,14,おこった かおの ちちおやの にがおえ,,
短文,お,15,おりがみで おりづるの おりかたを おそわる,,
単語,か,1,かお,あか,あかい
単語,か,2,かわ,いか,おかゆ
単語,か,3,かば,おか,みかん
単語,か,4,かま,たか,むかで
単語,か,5,かた,ゆか,やかん
単語,か,6,かだん,とおか,しかえし
単語,か,7,かえる,めだか,さかみち
単語,か,8,カメラ,さんか,なかよし
単語,か,9,かるた,いるか,せいかい
単語,か,10,かぼちゃ,すいか,トナカイ
単語,か,11,かまきり,あざやか,さいかい
単語,か,12,かみなり,いく らか,しょうかい
単語,か,13,かしわもち,おおさか,しかいしゃ
単語,か,14,かたつむり,あきらか,しゅく がかい
単語,か,15,カーネーション,アイスもなか,はっぴょうかい
単語,が,1,ガム,ヨガ,うがい
単語,が,2,がわ,しが,えがお
単語,が,3,がばん,えいが,おがわ
単語,が,4,がまん,まんが,はがた
単語,が,5,がめん,はんが,ながの
単語,が,6,がんばん,どうが,てがた
単語,が,7,がちょう,れんが,みがわり
単語,が,8,がびょう,しょうが,にがおえ
単語,が,9,がったい,みょうが,にいがた
単語,が,10,がいとう,ひょうが,じゃがいも
単語,が,11,がいらい,たてなが,ありがとう
単語,が,12,がようし,かくれが,ものがたり
単語,が,13,ガイダンス,にくじゃが,あまのがわ
単語,が,14,ガムテープ,じんぶつが,がまがえる
単語,が,15,ガードレール,ハンバーガー,しょうがっこう
単語,き,1,きみ,あき,あきる
単語,き,2,きば,おき,いきる
単語,き,3,きじ,わき,うきわ
単語,き,4,きた,たき,まきもの
単語,き,5,きって,てき,やきいも
単語,き,6,きいろ,にっき,まきわり
単語,き,7,きぶん,ねおき,ハイキング
単語,き,8,きなこ,ひげき,えきちょう
単語,き,9,きまり,ほうき,おつきさま
単語,き,10,きわめる,でんき,あきまつり
単語,き,11,きまぐれ,うわばき,ゆきあそび
単語,き,12,きのぼり,かたむき,かきフライ
単語,き,13,きっぱり,おおゆき,たぬきばやし
単語,き,14,きいはんとう,しょうじき,おきのとりしま
単語,き,15,きどあいらく,うれしなき,りょうきんじょ
単語,き,1,キャップ,ねなきゃ,かんきゃく
単語,き,2,キャベツ,やらなきゃ,さんきゃく
単語,き,3,キャンプ,いかなきゃ,めきゃべつ
単語,き,4,キャンディー,たべなきゃ,じょうきゃく
単語,き,5,キャッチャー,のらなきゃ,おきゃく さん
単語,き,6,きゃく しゃ,おりなきゃ,ロールキャベツ
単語,き,7,きゃく せん,こがなきゃ,ナイスキャッチ
単語,き,8,きゃく ほん,よまなきゃ,かんきゃく せき
単語,き,9,きゃく しつ,かかなきゃ,かんこうきゃく
単語,き,10,キャラクター,かわなきゃ,れいきゃく そうち
単語,き,11,キャラメル,かえらなきゃ,ごうかきゃく せん
単語,き,12,キャンセル,あらわなきゃ,ににんさんきゃく
単語,き,13,キャンペーン,はしらなきゃ,ミルクキャラメル
単語,き,14,キャットフード,あるかなきゃ,アイスキャンディー
単語,き,15,キャンドルファイヤー,かたづけなきゃ,ニュースキャスター
単語,き,1,きゅう,てで、 キュ！,ちきゅうぎ
単語,き,2,きゅうり,あしが、 キュ！,ドラキュラ
単語,き,3,きゅうす,いとを、 キュ！,ていきゅうび
単語,き,4,きゅうじょ,すなで、 キュ！,しきゅうしき
単語,き,5,きゅうしょ,つなを、 キュ！,けんきゅうじょ
単語,き,6,きゅうけい,はしを、 キュ！,いっきゅうさん
単語,き,7,きゅうかん,ひもを、 キュ！,どうきゅうせい
単語,き,8,きゅうく つ,リボンを、 キュ！,やきゅうじょう
単語,き,9,きゅうよう,ろうかで、 キュ！,おうきゅうしょち
単語,き,10,きゅうしゅう,こく ばんで、 キュ！,やきゅうせんしゅ
単語,き,11,きゅうりょう,じゃぐちを、 キュ！,ろく さいきゅうし
単語,き,12,きゅうけつき,すなはまで、 キュ！,バーベキューじょう
単語,き,13,きゅうブレーキ,スリッパで、 キュ！,きんきゅうほうそう
単語,き,14,きゅうかんちょう,ぞうきんで、 キュ！,とっきゅうれっしゃ
単語,き,15,きゅうめいどうい,ゆきみちで、 キュ！,じんこうこきゅうき
単語,き,1,きょうと,いんきょ,なんきょく
単語,き,2,きょうふ,けんきょ,ほっきょく
単語,き,3,きょだい,めんきょ,やっきょく
単語,き,4,きょねん,せんきょ,てれびきょく
単語,き,5,きょういく,しんきょ,とうきょうと
単語,き,6,きょうかい,らっきょ,ときょうそう
単語,き,7,きょうしつ,しょうきょ,ほっきょく ぐま
単語,き,8,きょうだい,ちじせんきょ,ゆうびんきょく
単語,き,9,きょうりょく,いまのめんきょ,とうきょうタワー
単語,き,10,きょうかしょ,とれたらっきょ,べんきょうづく え
単語,き,11,きょうりゅう,よこのいんきょ,れんしゅうきょく
単語,き,12,きょうじゃく,うんてんめんきょ,おんがく きょうしつ
単語,き,13,きょかねがい,すぐにしょうきょ,なんきょく たいりく
単語,き,14,きょうぎじょう,となりのしんきょ,りく じょうきょうぎ
単語,き,15,きょうどうさぎょう,もらえためんきょ,ゆうびんきょく ちょう
単語,ぎ,1,ぎゃく,うぎゃ,かぎゃく
単語,ぎ,2,ギャグ,おぎゃ,コギャル
単語,ぎ,3,ギャラ,ふぎゃ,まぎゃく
単語,ぎ,4,ギャル,ほぎゃ,ゴーギャン
単語,ぎ,5,ギャザー,くまだ、ぎゃ！,いまのギャル
単語,ぎ,6,ギャップ,サメだ、ぎゃ！,かぎゃくぶん
単語,ぎ,7,ギャフン,はちだ、ぎゃ！,たかいギャラ
単語,ぎ,8,ギャング,へびだ、ぎゃ！,さっきのギャグ
単語,ぎ,9,ぎゃくそう,おばけだ、ぎゃ！,おもしろいギャグ
単語,ぎ,10,ぎゃくてん,じしんだ、ぎゃ！,ふたりのギャング
単語,ぎ,11,ぎゃくりゅう,むかでだ、ぎゃ！,かいがギャラリー
単語,ぎ,12,ギャラリー,かみなりだ、ぎゃ！,かわのぎゃくりゅう
単語,ぎ,13,ギャロップ,ようかいだ、ぎゃ！,たちばのぎゃくてん
単語,ぎ,14,ぎゃくもどり,ゆうれいだ、ぎゃ！,まんざいしのギャグ
単語,ぎ,15,ギャザースカート,ライオンだ、ぎゃ！,さいこうがくのギャラ
単語,ぎ,1,ぎゅう,いぬと、ぎゅ！,やぎゅう
単語,ぎ,2,ぎゅうしゃ,たって、ぎゅ！,わぎゅう
単語,ぎ,3,ぎゅうすき,ねこと、ぎゅ！,すいぎゅう
単語,ぎ,4,ぎゅうタン,ママと、ぎゅ！,とうぎゅう
単語,ぎ,5,ぎゅうづめ,パパと、ぎゅ！,にくぎゅう
単語,ぎ,6,ぎゅうどん,あっちで、ぎゅ！,ひだぎゅう
単語,ぎ,7,ぎゅうなべ,こっちで、ぎゅ！,おうみぎゅう
単語,ぎ,8,ぎゅうにく,すわって、ぎゅ！,こうべぎゅう
単語,ぎ,9,ぎゅうめし,だいすき、ぎゅ！,とうぎゅうし
単語,ぎ,10,ぎゅうどんや,だっこで、ぎゅ！,まつさかぎゅう
単語,ぎ,11,ぎゅうにゅう,ないたら、ぎゅ！,よねざわぎゅう
単語,ぎ,12,ぎゅうミンチ,わらって、ぎゅ！,すいぎゅうのむれ
単語,ぎ,13,ぎゅうにゅうビン,おじいちゃんと、ぎゅ！,たかいぎゅうにく
単語,ぎ,14,ぎゅうしゃそうじ,おばあちゃんと、ぎゅ！,むしぼうぎゅうにゅう
単語,ぎ,15,ぎゅうにゅうパック,ぬいぐるみを、ぎゅ！,ていしぼうぎゅうにゅう
単語,ぎ,1,ぎょい,ちぎょ,さぎょう
単語,ぎ,2,ぎょし,きんぎょ,じゅぎょう
単語,ぎ,3,ギョロ,にんぎょ,えいぎょう
単語,ぎ,4,ギョーザ,ぼうぎょ,そつぎょう
単語,ぎ,5,ぎょうじ,もくぎょ,にんぎょう
単語,ぎ,6,ぎょかい,かいすいぎょ,のうぎょう
単語,ぎ,7,ぎょくろ,しんかいぎょ,きんぎょばち
単語,ぎ,8,ぎょこう,たんすいぎょ,すいギョーザ
単語,ぎ,9,ぎょせん,ねったいぎょ,にんぎょひめ
単語,ぎ,10,ギョロリ,じどうせいぎょ,きんぎょすくい
単語,ぎ,11,ぎょうずい,おばけだ、ぎょ！,そつぎょうしき
単語,ぎ,12,ぎょうてん,かみなりだ、ぎょ！,にんぎょうげき
単語,ぎ,13,ぎょうれつ,ていでんだ、ぎょ！,しゅうぎょうしき
単語,ぎ,14,ぎょかいるい,ようかいだ、ぎょ！,がっこうぎょうじ
単語,ぎ,15,ギョーザていしょく,ライオンだ、ぎょ！,そつぎょうしょうしょ
単語,ぎ,1,ぎん,かぎ,くぎる
単語,ぎ,2,ぎふ,くぎ,なぎさ
単語,ぎ,3,ぎし,ねぎ,はぎれ
単語,ぎ,4,ギター,みぎ,みぎて
単語,ぎ,5,ぎんざ,やぎ,おにぎり
単語,ぎ,6,ぎもん,うさぎ,かぎあな
単語,ぎ,7,ぎっしり,うなぎ,かわぎし
単語,ぎ,8,ぎんいろ,かいぎ,こむぎこ
単語,ぎ,9,ぎんなん,ふしぎ,くぎぬき
単語,ぎ,10,ぎんこう,じょうぎ,ようぎしゃ
単語,ぎ,11,ギリシャ,しらさぎ,ほととぎす
単語,ぎ,12,ぎんせかい,こおろぎ,むぎばたけ
単語,ぎ,13,ぎんメダル,たまねぎ,おとぎばなし
単語,ぎ,14,ぎんやんま,おおいそぎ,なみうちぎわ
単語,ぎ,15,ぎんメダリスト,ひらおよぎ,いそぎんちゃく
単語,く,1,く い,まく,いく ら
単語,く,2,く ま,うく,まく ら
単語,く,3,く わ,よく,オクラ
単語,く,4,く び,たく,ラクダ
単語,く,5,く り,かぞく,エクレア
単語,く,6,く じら,みがく,とく しま
単語,く,7,く ぼみ,どそく,よく ばり
単語,く,8,く らげ,さばく,しょく パン
単語,く,9,く るま,おどろく,もく ようび
単語,く,10,く ものす,かいぞく,ウクライナ
単語,く,11,く さぶえ,ごりやく,テクニック
単語,く,12,く とうてん,みんぞく,サイクリング
単語,く,13,クリスマス,ようふく,リクライニング
単語,く,14,く いしんぼう,しょうどく,いんしょく てん
単語,く,15,く りきんとん,オリンピック,こく さいく うこう
単語,ぐ,1,ぐみ,こぐ,でぐち
単語,ぐ,2,グレー,ふぐ,ねぐせ
単語,ぐ,3,グラス,どうぐ,まぐろ
単語,ぐ,4,グラム,およぐ,もぐら
単語,ぐ,5,ぐざい,えのぐ,うぐいす
単語,ぐ,6,ぐうぜん,てんぐ,どんぐり
単語,ぐ,7,ぐっすり,トング,いりぐち
単語,ぐ,8,ぐったり,リング,ながぐつ
単語,ぐ,9,グラタン,もうすぐ,はまぐり
単語,ぐ,10,ぐんしゅう,まっすぐ,めぐすり
単語,ぐ,11,ぐたいてき,リビング,かざぐるま
単語,ぐ,12,グッドラック,スイミング,サングラス
単語,ぐ,13,グランドゴルフ,ぶんぼうぐ,ぬいぐるみ
単語,ぐ,14,ぐんじょういろ,サイクリング,でんぐりがえし
単語,ぐ,15,グランドピアノ,ひっきようぐ,マカロニグラタン
単語,け,1,けん,いけ,あける
単語,け,2,ける,わけ,まける
単語,け,3,けいと,かけ,とけい
単語,け,4,けむし,さけ,ほけん
単語,け,5,けがに,たけ,やけい
単語,け,6,けむり,おばけ,ばけもの
単語,け,7,けいさん,まぬけ,ごうけい
単語,け,8,けっせき,ひづけ,おおがたけん
単語,け,9,けっかん,ひやけ,ホットケーキ
単語,け,10,けしゴム,コロッケ,たいおんけい
単語,け,11,けいじばん,あさやけ,えいごけんてい
単語,け,12,ケチャップ,ゆきどけ,にゅうがく しけん
単語,け,13,けごんのたき,ありったけ,しんけいすいじゃく
単語,け,14,けつえきがた,むぎばたけ,しゃかいかけんがく
単語,け,15,けんこく きねんび,あとかたづけ,へいこうしへんけい
単語,げ,1,げた,ひげ,あげる
単語,げ,2,げか,ゆげ,なげる
単語,げ,3,げし,とげ,にげる
単語,げ,4,ゲーム,わたげ,まげる
単語,げ,5,げんば,しあげ,ひげそり
単語,げ,6,げんき,れんげ,まんげつ
単語,げ,7,げっしゃ,ねあげ,はげしい
単語,げ,8,げんざい,とかげ,とうげい
単語,げ,9,げんじつ,くしあげ,ゆきげしき
単語,げ,10,げたばこ,やりなげ,れんげそう
単語,げ,11,げんこつ,からあげ,そうげいしゃ
単語,げ,12,げきじょう,どうあげ,みんげいひん
単語,げ,13,げっかんし,しろひげ,びょうげんきん
単語,げ,14,げつようび,たこあげ,バーゲンセール
単語,げ,15,げいのうじん,ほうがんなげ,にんぎょうげき
単語,こ,1,こい,はこ,おこる
単語,こ,2,こま,たこ,ずこう
単語,こ,3,こな,よこ,やこう
単語,こ,4,ことり,パンこ,たこやき
単語,こ,5,こたつ,みやこ,のこぎり
単語,こ,6,このは,インコ,だいこん
単語,こ,7,こうばん,のらねこ,エコバッグ
単語,こ,8,こがらし,あきばこ,やこうバス
単語,こ,9,こんにちは,ふでばこ,ねこじゃらし
単語,こ,10,こばんざめ,おにごっこ,とうもろこし
単語,こ,11,こうさてん,れいぞうこ,がいこく じん
単語,こ,12,こはるびより,めんたいこ,しんこうほうこう
単語,こ,13,コンピューター,いたずらっこ,きゅうこうれっしゃ
単語,こ,14,こうつうあんぜん,プエルトリコ,ほこうしゃしんごう
単語,こ,15,コンタクトレンズ,やまとなでしこ,さいこうさいばんしょ
単語,ご,1,ごま,あご,うごく
単語,ご,2,ごみ,かご,すごい
単語,ご,3,ゴム,まご,しごと
単語,ご,4,ごはん,いちご,ねごと
単語,ご,5,ごぼう,えいご,けしゴム
単語,ご,6,ゴリラ,りんご,いぬごや
単語,ご,7,ごがつ,たまご,おみごと
単語,ご,8,ごうけい,だんご,うたごえ
単語,ご,9,ごみばこ,はしご,あさごはん
単語,ご,10,ごましお,ほうかご,オルゴール
単語,ご,11,ごはんつぶ,とりかご,かきごおり
単語,ご,12,ごまあぶら,にほんご,しちごさん
単語,ご,13,ごめんなさい,あおりんご,ひとりごと
単語,ご,14,ごはんぢゃわん,がいこくご,わらいごえ
単語,ご,15,ごちそうさまでした,だしまきたまご,きぬごしどうふ
単語,さ,1,さお,かさ,とさか
単語,さ,2,さば,くさ,はさみ
単語,さ,3,さい,ふさ,わさび
単語,さ,4,さとう,とさ,もさく
単語,さ,5,さいふ,いくさ,こうさく
単語,さ,6,さかな,はやさ,まさゆめ
単語,さ,7,さわがに,うわさ,むらさき
単語,さ,8,サボテン,あまがさ,おかあさん
単語,さ,9,さくらんぼ,かれくさ,あさねぼう
単語,さ,10,さかあがり,はやぶさ,ひさしぶり
単語,さ,11,さどきんざん,ぺんぺんぐさ,ひとさしゆび
単語,さ,12,サンドウィッチ,おりたたみがさ,ゆうびんやさん
単語,さ,13,サッカーボール,しりょくけんさ,けんさにゅういん
単語,さ,14,さくらのたより,はるのななくさ,ほっかいどうさん
単語,さ,15,さんかくじょうぎ,がっきゅうへいさ,ピアノコンサート
単語,ざ,1,ざる,わざ,かざん
単語,ざ,2,ざっか,ピザ,きざむ
単語,ざ,3,ざしき,ひざ,とざん
単語,ざ,4,ざいす,せいざ,いざこざ
単語,ざ,5,ざらめ,ねんざ,さざんか
単語,ざ,6,ざくろ,どげざ,こざとへん
単語,ざ,7,ざんねん,ぎょうざ,げんざいち
単語,ざ,8,ざりがに,かみわざ,たざんのいし
単語,ざ,9,ざるそば,ことわざ,こおりざとう
単語,ざ,10,ざいりょう,オリオンざ,えいようざい
単語,ざ,11,ざっきょビル,とくいわざ,こうざんびょう
単語,ざ,12,ざっかやさん,ちからわざ,あしおどうざん
単語,ざ,13,ざいこうせい,カシオペヤざ,ハザードマップ
単語,ざ,14,ざんねんしょう,よきんこうざ,とうざいなんぼく
単語,ざ,15,ざっしょくどうぶつ,らくいちらくざ,みざるいわざるきかざる
単語,し,1,しゃこ,いしゃ,おしゃれ
単語,し,2,シャツ,ばしゃ,く しゃみ
単語,し,3,しゃかい,きしゃ,じしゃく
単語,し,4,しゃしん,かいしゃ,ひしゃく
単語,し,5,しゃどう,かんしゃ,だんしゃく
単語,し,6,しゃりん,でんしゃ,おしゃべり
単語,し,7,しゃみせん,やく しゃ,スペシャル
単語,し,8,しゃく はち,じてんしゃ,どしゃぶり
単語,し,9,しゃっく り,じどうしゃ,ポロシャツ
単語,し,10,しゃく なげ,はしごしゃ,ワイシャツ
単語,し,11,シャンプー,いちりんしゃ,ティーシャツ
単語,し,12,しゃぼんだま,じかようしゃ,コマーシャル
単語,し,13,シャトルバス,かんらんしゃ,じょうしゃけん
単語,し,14,しゃく とりむし,さんりんしゃ,ちゅうしゃじょう
単語,し,15,シャープペンシル,じょうききかんしゃ,スペースシャトル
単語,し,1,しゅみ,かしゅ,ゆしゅつ
単語,し,2,しゅわ,ほしゅ,がいしゅつ
単語,し,3,しゅいろ,あく しゅ,ていしゅつ
単語,し,4,しゅうい,ししゅう,みんしゅく
単語,し,5,しゅげい,せんしゅ,マシュマロ
単語,し,6,しゅもく,はく しゅ,パラシュート
単語,し,7,しゅうじ,とうしゅ,てんしゅかく
単語,し,8,しゅやく,ダッシュ,あく しゅかい
単語,し,9,しゅうかん,フラッシュ,いっしゅうかん
単語,し,10,しゅっせき,フレッシュ,さいしゅうかい
単語,し,11,しゅく はく,かじつしゅ,マッシュポテト
単語,し,12,しゅうてん,ぶどうしゅ,レインシューズ
単語,し,13,しゅうごう,うんてんしゅ,れんしゅうちゅう
単語,し,14,シュークリーム,よぼうせっしゅ,こうしゅうでんわ
単語,し,15,しゅうぎょうしき,スポーツせんしゅ,のうしゅく ジュース
単語,し,1,ショー,ばしょ,わしょく
単語,し,2,しょうぎ,いっしょ,ようしょく
単語,し,3,しょうぶ,さいしょ,としょかん
単語,し,4,しょく じ,ないしょ,ゆうしょく
単語,し,5,しょうこ,どく しょ,ちょうしょく
単語,し,6,しょるい,じゅうしょ,きゅうしょく
単語,し,7,しょうかき,ちょうしょ,ちゅうしょく
単語,し,8,しょうとつ,きょうかしょ,おしょうがつ
単語,し,9,しょうねん,せつめいしょ,かしょうりょく
単語,し,10,しょく パン,けいさつしょ,うちゅうしょく
単語,し,11,しょく じかい,はつでんしょ,ひじょうしょく
単語,し,12,しょうがっこう,さいばんしょ,がっしょうかい
単語,し,13,しょうぼうしゃ,しょうぼうしょ,ないしょばなし
単語,し,14,しょうてんがい,みんないっしょ,きしょうよほうし
単語,し,15,ショートケーキ,いちばんさいしょ,いっしょうけんめい
単語,し,1,しま,わし,マシン
単語,し,2,しか,なし,にしび
単語,し,3,した,とし,めしべ
単語,し,4,しぼる,くらし,はしおき
単語,し,5,しかけ,けむし,けしゴム
単語,し,6,しびれ,こいし,たしざん
単語,し,7,しっかり,おみこし,マシンガン
単語,し,8,しばらく,がようし,ひょうしき
単語,し,9,しらない,あおむし,カシオペアざ
単語,し,10,しやくしょ,うんてんし,むかしばなし
単語,し,11,しいくばこ,しんぶんし,でんしピアノ
単語,し,12,しおひがり,アルミサッシ,ひやしちゅうか
単語,し,13,しおこしょう,あたまごなし,あげだしどうふ
単語,し,14,シンガポール,おたまじゃくし,へいこうしへんけい
単語,し,15,システムエンジニア,おきあがりこぼし,おしくらまんじゅう
単語,じ,1,ジャズ,えんじゃ,おじゃま
単語,じ,2,じゃま,おうじゃ,く じゃく
単語,じ,3,ジャム,かんじゃ,パジャマ
単語,じ,4,じゃぐち,けんじゃ,むじゃき
単語,じ,5,ジャパン,じんじゃ,きょうじゃく
単語,じ,6,ジャンプ,せいじゃ,ゴージャス
単語,じ,7,ジャンボ,だいじゃ,たまじゃり
単語,じ,8,じゃがいも,にんじゃ,にく じゃが
単語,じ,9,じゃく てん,いがにんじゃ,びょうじゃく
単語,じ,10,ジャケット,こうがにんじゃ,まきじゃく
単語,じ,11,ジャスミン,こわいだいじゃ,あまのじゃく
単語,じ,12,じゃりみち,げきのえんじゃ,いちごジャム
単語,じ,13,じゃんけん,しあいのおうじゃ,かおじゃしん
単語,じ,14,ジャングルジム,ちかく のじんじゃ,おたまじゃく し
単語,じ,15,ジャイアントパンダ,きんきゅうかんじゃ,ちりめんじゃこ
単語,じ,1,じゅく,かじゅ,ぎじゅつ
単語,じ,2,じゅず,きじゅ,しゅじゅつ
単語,じ,3,じゅり,さんじゅ,のじゅく
単語,じ,4,じゅうい,しんじゅ,ばじゅつ
単語,じ,5,じゅうしょ,そつじゅ,かじゅえん
単語,じ,6,ジュース,ちょうじゅ,げいじゅつ
単語,じ,7,じゅぎょう,はく じゅ,はんじゅく
単語,じ,8,じゅけん,ひゃく じゅ,まじゅつし
単語,じ,9,じゅんび,ベージュ,しじゅうから
単語,じ,10,じゅうたん,げっけいじゅ,しんじゅがい
単語,じ,11,じゅうでん,こいベージュ,びじゅつかん
単語,じ,12,じゅうどう,こうようじゅ,ふく わじゅつ
単語,じ,13,じゅんばん,しんしんじゅ,さいみんじゅつ
単語,じ,14,じゅんかんバス,らく ようじゅ,たいじゅうけい
単語,じ,15,じゅうりょうあげ,しろいしんじゅ,りんごジュース
単語,じ,1,じょい,く じょ,ほじょいす
単語,じ,2,じょし,ほじょ,かいじょけん
単語,じ,3,じょうぎ,まじょ,すいじょうき
単語,じ,4,じょうば,えんじよ,だいじょうぶ
単語,じ,5,じょうり,おうじょ,たんじょうび
単語,じ,6,じょきん,かいじょ,ねんがじょう
単語,じ,7,じょゆう,きんじょ,ひじょうぐち
単語,じ,8,じょうきゃく,きゅうじょ,うんどうじょう
単語,じ,9,じょうだん,じゅんじょ,すいじょうバス
単語,じ,10,じょうほう,しょうじょ,たいじょうもん
単語,じ,11,ジョギング,だんじょ,にゅうじょうけん
単語,じ,12,じょうすいき,ほけんじょ,わらいじょうご
単語,じ,13,じょうしゃけん,はちのく じょ,きゅうじょばしご
単語,じ,14,じょうようしゃ,おやのかいじょ,かいすいよく じょう
単語,じ,15,じょうききかんしゃ,クラスのだんじょ,とうじょうじんぶつ
単語,じ,1,じか,もじ,おじぎ
単語,じ,2,じかん,かじ,とじる
単語,じ,3,じしん,くじ,かじる
単語,じ,4,じぬし,とうじ,ふじさん
単語,じ,5,じぞう,もくじ,あじさい
単語,じ,6,じむしょ,おなじ,いじわる
単語,じ,7,じしゃく,ローマじ,エジプト
単語,じ,8,じがぞう,しおあじ,こじか
単語,じ,9,じんましん,パンきじ,かんじドリル
単語,じ,10,じえいたい,おおそうじ,ドッジボール
単語,じ,11,じんぶつが,だいさんじ,ミュージカル
単語,じ,12,じかんわり,セルフレジ,はじめのいっぽ
単語,じ,13,じっけんしつ,でんしレンジ,ラジオたいそう
単語,じ,14,じかはつでん,トイレそうじ,じどうしゃじこ
単語,じ,15,じどうぶんがく,アラビアすうじ,こっかいぎじどう
単語,す,1,すみ,ます,うすい
単語,す,2,すぐ,かす,くすり
単語,す,3,すな,たす,マスク
単語,す,4,すいか,ようす,わすれる
単語,す,5,すがた,カラス,おむすび
単語,す,6,すこし,アイス,ふんすい
単語,す,7,すいどう,イギリス,かぜぐすり
単語,す,8,ストーブ,とりのす,わすれもの
単語,す,9,すみません,ながいす,レストラン
単語,す,10,すばらしい,オムライス,おおやすうり
単語,す,11,すいようび,あまやかす,プラスチック
単語,す,12,すいぞくかん,いただきます,いすとりゲーム
単語,す,13,スーパーマン,かいてんいす,アイスクリーム
単語,す,14,スタンプカード,うっかりミス,スイミングスクール
単語,す,15,スケートボード,ぼうだんガラス,フルーツバスケット
単語,ず,1,ずが,みず,まずい
単語,ず,2,ずかん,かず,あずき
単語,ず,3,ずのう,ゆず,けずる
単語,ず,4,ずこう,あいず,あずかる
単語,ず,5,ずっしり,おかず,かずのこ
単語,ず,6,ずいぶん,サイズ,しずおか
単語,ず,7,ずぶとい,あまみず,うでずもう
単語,ず,8,ずぶぬれ,おもわず,きずぐすり
単語,ず,9,ずわいがに,パンくず,ちらしずし
単語,ず,10,ずるやすみ,さとうみず,チーズケーキ
単語,ず,11,ずりおちる,こなチーズ,みずようかん
単語,ず,12,ずんどうなべ,うみぼうず,むずかしい
単語,ず,13,ずうずうしい,せけんしらず,みずでっぽう
単語,ず,14,ずがこうさく,おもいがけず,えんぴつけずり
単語,ず,15,ずんぐりむっくり,てるてるぼうず,ずいずいずっころばし
単語,せ,1,せん,みせ,やせる
単語,せ,2,せわ,くせ,かせい
単語,せ,3,せき,にせ,かせき
単語,せ,4,せまい,はかせ,たいせつ
単語,せ,5,せけん,ぜんせ,カプセル
単語,せ,6,せのび,でみせ,にせもの
単語,せ,7,せもたれ,まちぶせ,ちょうせい
単語,せ,8,せんたく,ひやあせ,ランドセル
単語,せ,9,せおよぎ,てあわせ,すみません
単語,せ,10,せいくらべ,まちあわせ,じょうきせん
単語,せ,11,せかいちず,きゃくよせ,しょうがくせい
単語,せ,12,せいいっぱい,くみあわせ,がっこうせいかつ
単語,せ,13,セロハンテープ,なまけぐせ,こうちょうせんせい
単語,せ,14,センターライン,こたえあわせ,はいしゃふっかつせん
単語,せ,15,セレクトショップ,むしのしらせ,ふたござりゅうせいぐん
単語,ぜ,1,ぜろ,おぜ,おぜん
単語,ぜ,2,ぜに,なぜ,まぜる
単語,ぜ,3,ぜひ,ガーゼ,とうぜん
単語,ぜ,4,ぜんぶ,よかぜ,まぜこぜ
単語,ゼ,5,ゼリー,ねこぜ,おりまぜる
単語,ぜ,6,ぜっけい,はなかぜ,まぜかえす
単語,ぜ,7,ぜいたく,おいかぜ,しょうひぜい
単語,ぜ,8,ぜんくつ,はやりかぜ,アルゼンチン
単語,ぜ,9,ぜんじどう,からっかぜ,あんぜんピン
単語,ぜ,10,ぜいむしょ,むかいかぜ,ごぜんちゅう
単語,ぜ,11,ぜんこうじ,ごちゃまぜ,ミルクゼリー
単語,ぜ,12,ゼブラゾーン,ミシマオコゼ,プレゼントいれ
単語,ぜ,13,ぜんごさゆう,おくびょうかぜ,あんぜんうんてん
単語,ぜ,14,ぜっこうちょう,しゅうだんかぜ,あきさめぜんせん
単語,ぜ,15,ぜんげんてっかい,オニダルマオコゼ,しんりんほぜんかつどう
単語,そ,1,そば,みそ,あそぶ
単語,そ,2,そら,よそ,よそう
単語,そ,3,そり,きそ,ざっそう
単語,そ,4,そうじ,およそ,ろうそく
単語,そ,5,そだち,ようそ,かんそう
単語,そ,6,そげき,さんそ,へそのお
単語,そ,7,そうめん,ぬかみそ,にくそぼろ
単語,そ,8,ソックス,しろみそ,きそこうじ
単語,そ,9,そらもよう,なきべそ,アニメソング
単語,そ,10,そとあそび,かわうそ,ときょうそう
単語,そ,11,そっけない,えいようそ,いそぎんちゃく
単語,そ,12,そうかんとく,てまえみそ,きそうてんがい
単語,そ,13,そんがいほけん,まっかなうそ,よそうもんだい
単語,そ,14,そうだんまどぐち,エスプレッソ,みそにこみうどん
単語,そ,15,そうごうびょういん,にさんかたんそ,ゆうさんそうんどう
単語,ぞ,1,ぞう,みぞ,かぞく
単語,ぞ,2,ぞうり,なぞ,がぞう
単語,ぞ,3,ぞうよ,えぞ,みんぞく
単語,ぞ,4,ぞろめ,いくぞ,アマゾン
単語,ぞ,5,ゾンビ,どうぞ,なぞとき
単語,ぞ,6,ぞうきん,せんぞ,せんろぞい
単語,ぞ,7,ぞっこん,なにとぞ,オゾンそう
単語,ぞ,8,ぞくはつ,すごいぞ,せいぞろい
単語,ぞ,9,ゾウリムシ,たのしいぞ,れいぞうこ
単語,ぞ,10,ぞうきばやし,うれしいぞ,アフリカぞう
単語,ぞ,11,ぞんじあげる,たのんだぞ,おじぞうさま
単語,ぞ,12,ぞうかんごう,どうろのみぞ,かいぞくせん
単語,ぞ,13,ぞうせんじょ,おさきにどうぞ,すいぞくかん
単語,ぞ,14,ぞうきんしぼり,こちらへどうぞ,りったいえいぞう
単語,ぞ,15,ぞうかけいこう,めいきゅうのなぞ,けいぞくはちからなり
単語,た,1,たね,いた,あたま
単語,た,2,たか,うた,あたり
単語,た,3,たき,かた,かたな
単語,た,4,たいこ,はた,こたえ
単語,た,5,タオル,ふた,はたけ
単語,た,6,たまご,あした,ほたる
単語,た,7,たまねぎ,かるた,わたし
単語,た,8,たんけん,あなた,いたずら
単語,た,9,たけのこ,まぶた,しいたけ
単語,た,10,たべもの,く わがた,かたかな
単語,た,11,たんぽぽ,ゆうがた,はんたい
単語,た,12,たからもの,まないた,つめたい
単語,た,13,タンバリン,わらべうた,あたらしい
単語,た,14,たんじょうび,つかいかた,かたつむり
単語,た,15,たまごかけごはん,あいうえおかるた,いただきます
単語,だ,1,だい,えだ,くだり
単語,だ,2,だし,くだ,こだま
単語,だ,3,ダム,はだ,とだな
単語,だ,4,だれ,ふだ,はだし
単語,だ,5,だいく,むだ,ひだり
単語,だ,6,だいず,あいだ,ペダル
単語,だ,7,だるま,からだ,めだか
単語,だ,8,だんご,サラダ,えだまめ
単語,だ,9,ダンス,なふだ,くだもの
単語,だ,10,だいこん,なみだ,サンダル
単語,だ,11,だいじん,パンダ,てつだい
単語,だ,12,だいぶつ,らくだ,ともだち
単語,だ,13,だいどころ,オランダ,おとしだま
単語,だ,14,ダンボール,ベランダ,すべりだい
単語,だ,15,ダイヤモンド,レッサーパンダ,みたらしだんご
単語,ち,1,ちゃいろ,おちゃ,おちゃづけ
単語,ち,2,チャック,こうちゃ,おちゃかい
単語,ち,3,ちゃわん,おもちゃ,ケチャップ
単語,ち,4,チャイム,かぼちゃ,とうちゃく
単語,ち,5,ちゃんと,まっちゃ,ぺちゃんこ
単語,ち,6,チャンス,むぎちゃ,こげちゃいろ
単語,ち,7,ちゃく せき,ほうじちゃ,がちゃがちゃ
単語,ち,8,ちゃく りく,りょく ちゃ,ごちゃごちゃ
単語,ち,9,ちゃく ばらい,げんまいちゃ,めちゃく ちゃ
単語,ち,10,チャーハン,ウーロンちゃ,いそぎんちゃく
単語,ち,11,チャレンジ,こいこうちゃ,まっちゃアイス
単語,ち,12,チャンネル,く りかぼちゃ,せっちゃく ざい
単語,ち,13,チャンピオン,はとむぎちゃ,おもちゃやさん
単語,ち,14,チャイナドレス,すきなおもちゃ,こうちゃのムース
単語,ち,15,チャイルドシート,パックのほうじちゃ,ピッチャーこうたい
単語,ち,1,ちゅうい,ここで、 チュ！,シチュー
単語,ち,2,ちゅうか,たって、 チュ！,こんちゅう
単語,ち,3,ちゅうしん,ママと、 チュ！,うちゅうせん
単語,ち,4,ちゅうかん,パパと、 チュ！,とちゅうげしゃ
単語,ち,5,ちゅうごく,おでこに、 チュ！,さっちゅうざい
単語,ち,6,ちゅうもん,おひざで、 チュ！,ビーフシチュー
単語,ち,7,ちゅうとろ,すわって、 チュ！,ひやしちゅうか
単語,ち,8,チューリップ,だいすき、 チュ！,なまちゅうけい
単語,ち,9,ちゅうがえり,だっこで、 チュ！,すいちゅうめがね
単語,ち,10,ちゅうがく せい,ほっぺに、 チュ！,しょちゅうみまい
単語,ち,11,ちゅうとはんぱ,わらって、 チュ！,よぼうちゅうしゃ
単語,ち,12,ちゅうしゃじょう,ないしょで、 チュ！,く うちゅうぶらんこ
単語,ち,13,チューインガム,おじいちゃんと、 チュ！,うちゅうせんかん
単語,ち,14,ちゅうごく たいりく,おばあちゃんと、 チュ！,かいちゅうでんとう
単語,ち,15,ちゅうおうこうそく,けっこんしきで、 チュ！,しゅうちゅうりょく
単語,ち,1,ちょう,く ちょ,だちょう
単語,ち,2,ちょうし,ぐちょ,しゃちょう
単語,ち,3,ちょうど,ねちょ,あげはちょう
単語,ち,4,ちょきん,ぬちょ,こちょうらん
単語,ち,5,チョーク,ぴちょ,しろチョーク
単語,ち,6,ちょうせん,びちょ,ミルクチョコ
単語,ち,7,ちょうかん,ぺちょ,もうちょっと
単語,ち,8,ちょうだい,べちょ,あかちょうちん
単語,ち,9,ちょうちん,ぽちょ,しゃちょうしつ
単語,ち,10,ちょく せん,ぼちょ,はつちょうせん
単語,ち,11,ちょんまげ,けんちょ,いっちょく せん
単語,ち,12,ちょうじょう,じょうちょ,いちょうなみき
単語,ち,13,チョコレート,ちゅうちょ,えきちょうしつ
単語,ち,14,ちょうせんじょう,ちょうちょ,きちょうひんいれ
単語,ち,15,ちょうとっきゅう,ぐちゃぐちょ,おっちょこちょい
単語,ち,1,ちず,うち,いちご
単語,ち,2,ちか,く ち,いちば
単語,ち,3,ちかい,つち,うちわ
単語,ち,4,ちこく,まち,おちば
単語,ち,5,チーズ,みち,く ちばし
単語,ち,6,チーム,でぐち,く ちぶえ
単語,ち,7,ちかてつ,あっち,はちまき
単語,ち,8,ちかしつ,でんち,もちつき
単語,ち,9,ちいさい,まっち,こんにちは
単語,ち,10,ちりとり,いりぐち,にちようび
単語,ち,11,チンパンジー,ちかみち,まちあわせ
単語,ち,12,ちへいせん,ともだち,ようちえん
単語,ち,13,ちらしずし,みつばち,ごちそうさま
単語,ち,14,チーズケーキ,ゆうえんち,はやく ちことば
単語,ち,15,ちかしょうてんがい,サンドイッチ,もちつきたいかい
単語,つ,1,つめ,く つ,あつい
単語,つ,2,つき,なつ,かつお
単語,つ,3,つち,ねつ,きつね
単語,つ,4,つの,おやつ,ひつじ
単語,つ,5,つく え,きせつ,まつげ
単語,つ,6,つく し,こたつ,まつり
単語,つ,7,つばさ,ひとつ,おつかい
単語,つ,8,つばめ,ひみつ,く つした
単語,つ,9,つみき,あいさつ,てつぼう
単語,つ,10,つぼみ,えんとつ,たつまき
単語,つ,11,つよい,いちがつ,みつばち
単語,つ,12,つけもの,たいせつ,かたつむり
単語,つ,13,ついたち,どうぶつ,げつようび
単語,つ,14,つなわたり,はちみつ,なつやすみ
単語,つ,15,つきみそう,チョコドーナツ,そつぎょうしき
単語,て,1,て,たて,はてな
単語,て,2,てつ,きて,ポテト
単語,て,3,てがみ,あいて,ホテル
単語,て,4,テスト,おもて,アンテナ
単語,て,5,テント,ききて,カステラ
単語,て,6,テニス,きって,ちかてつ
単語,て,7,てつぼう,みぎて,たてふだ
単語,て,8,てぶく ろ,めあて,すいてき
単語,て,9,てっぽう,よてい,あんてい
単語,て,10,てんぷら,りょうて,じてんしゃ
単語,て,11,てんさい,できたて,もく てきち
単語,て,12,てんどん,はじめて,していせき
単語,て,13,てんきよほう,ひだりて,ろてんぶろ
単語,て,14,てんとうむし,ほんたて,あわてんぼう
単語,て,15,ていりゅうじょ,えんぴつたて,ゴールテープ
単語,で,1,でし,うで,おでこ
単語,で,2,デマ,すで,ビデオ
単語,で,3,デモ,そで,モデル
単語,で,4,デート,ふで,アイデア
単語,で,5,でぐち,いえで,なでしこ
単語,で,6,でばん,かえで,ふでばこ
単語,で,7,でんき,ついで,やまでら
単語,で,8,でんわ,ひとで,うでどけい
単語,で,9,できごと,むかで,いとでんわ
単語,で,10,でこぼこ,おもいで,おめでとう
単語,で,11,デザート,ゲレンデ,シンデレラ
単語,で,12,デザイン,ながそで,ゆでたまご
単語,で,13,でいりぐち,みぎうで,みずでっぽう
単語,で,14,でんしレンジ,はつもうで,でんでんむし
単語,で,15,でんぐりがえし,あかいふりそで,けいたいでんわ
単語,と,1,とら,いと,ことり
単語,と,2,とけい,はと,ひとつ
単語,と,3,トマト,しごと,あやとり
単語,と,4,とうふ,わざと,えんとつ
単語,と,5,とうめい,テスト,しりとり
単語,と,6,とうげい,ノート,ストップ
単語,と,7,とつぜん,ポスト,ストロー
単語,と,8,トナカイ,ポテト,にわとり
単語,と,9,とびばこ,いもうと,なわとび
単語,と,10,トランプ,あしおと,いととんぼ
単語,と,11,ともだち,スケート,おとうさん
単語,と,12,としょかん,ポケット,かぶとむし
単語,と,13,とんでもない,プレゼント,ひとりごと
単語,と,14,とうもろこし,ヨーグルト,ひとさしゆび
単語,と,15,とっきゅうれっしゃ,チョコレート,あとかたづけ
単語,ど,1,ドア,かど,おどり
単語,ど,2,どこ,のど,こども
単語,ど,3,どて,まど,ねどこ
単語,ど,4,どれ,やど,みどり
単語,ど,5,どろ,あみど,かどまつ
単語,ど,6,どうぐ,カード,ゴンドラ
単語,ど,7,どせい,ベッド,ハンドル
単語,ど,8,どだい,ねんど,やどかり
単語,ど,9,ドレス,バンド,いきどまり
単語,ど,10,どうろ,やけど,うでどけい
単語,ど,11,ドーナツ,スピード,じどうドア
単語,ど,12,どうぶつ,カスタード,ランドセル
単語,ど,13,どようび,グラウンド,うんどうかい
単語,ど,14,ドッジボール,まがりかど,サンドイッチ
単語,ど,15,ドレッシング,ディズニーランド,こうそくどうろ
単語,な,1,ない,あな,あなた
単語,な,2,なえ,こな,うなぎ
単語,な,3,なか,すな,おなか
単語,な,4,なく,たな,きなこ
単語,な,5,なし,つな,すなば
単語,な,6,なす,はな,せなか
単語,な,7,なみ,ひな,となり
単語,な,8,なべ,わな,はなび
単語,な,9,なかま,あてな,わなげ
単語,な,10,ナイフ,おとな,かみなり
単語,な,11,なまえ,さかな,こなゆき
単語,な,12,ながぐつ,ひらがな,つなひき
単語,な,13,なきごえ,おしばな,まないた
単語,な,14,なわとび,ほんだな,ひなまつり
単語,な,15,なつやすみ,おとしあな,ごめんなさい
単語,に,1,にゃんこ,ふにゃ,こんにゃく
単語,に,2,にゃんた,へにゃ,くにゃくにゃ
単語,に,3,にゃんすけ,ほにゃ,へにゃへにゃ
単語,に,4,にゃんぺい,ぽにゃ,ほにゃほにゃ
単語,に,5,にゃんきち,ぺにゃ,ぽにゃぽにゃ
単語,に,6,にゃんじろう,エスパーニャ,ぺにゃぺにゃ
単語,に,7,にゃんごろう,またきてにゃ,ぐにゃぐにゃ
単語,に,8,にゃんたろう,かわいいにゃ,いたこんにゃく
単語,に,9,にゃんざぶろう,だいすきだにゃ,たまこんにゃく
単語,に,10,にゃんこのすけ,きをつけてにゃ,さしみこんにゃく
単語,に,1,ニュー,ぐにゅ！,メニュー
単語,に,2,ニュース,ぶにゅ！,ぎゅうにゅう
単語,に,3,にゅういん,ぷにゅ！,ほにゅうびん
単語,に,4,にゅうがく,くにゅ！,グッドニュース
単語,に,5,にゅうえん,ぽにゅ！,しんにゅうせい
単語,に,6,ニュートン,ぼにゅ！,せんにゅうかん
単語,に,7,にゅうどうぐも,ふにゅ！,しんにゅうきんし
単語,に,8,にゅうじょうけん,はにゅ！,こうにゅうとくてん
単語,に,9,にゅうかいきやく,うにゅ！,ゆにゅうしょくひん
単語,に,10,ニュージーランド,ごにゅ！,パプアニューギニア
単語,に,1,にょこっ！,ぐにょ！,ぐにょにょ！
単語,に,2,にょきっ！,ぶにょ！,ぷにょにょ！
単語,に,3,にょろっ！,ふにょ！,ふにょにょ！
単語,に,4,にょろーん,ぷにょ！,ぷにょにょ！
単語,に,5,にょろーり,くにょ！,くにょにょ！
単語,に,6,にょいぼう,ぼにょ！,ぼにょにょ！
単語,に,7,にょうぼう,ぽにょ！,ぽにょにょ！
単語,に,8,にょききき！,ほにょ！,ごにょごにょ
単語,に,9,にょろろろ！,ごにょ！,にょきにょき
単語,に,10,にょらいぞう,てんにょ,にょろにょろ
単語,に,1,にく,うに,テニス
単語,に,2,にし,おに,ひにち
単語,に,3,にら,かに,いちにち
単語,に,4,にわ,くに,おにぎり
単語,に,5,にじ,わに,きんにく
単語,に,6,におい,けがに,とりにく
単語,に,7,にかい,こぜに,ぶたにく
単語,に,8,にがて,ぞうに,ぎゅうにく
単語,に,9,にぼし,つみに,おにごっこ
単語,に,10,にもつ,くちべに,こんにちは
単語,に,11,にんき,ざりがに,おにやんま
単語,に,12,にがおえ,ゆきぐに,おにいさん
単語,に,13,にわとり,マカロニ,ランニング
単語,に,14,にんじん,たらばがに,ごにんばやし
単語,に,15,にちようび,めかくしおに,ゆびにんぎょう
単語,ぬ,1,ぬま,いぬ,たぬき
単語,ぬ,2,ぬの,きぬ,てぬき
単語,ぬ,3,ぬし,こいぬ,くぬぎ
単語,ぬ,4,ぬりえ,おやいぬ,いぬかき
単語,ぬ,5,ぬるい,かいいぬ,いぬごや
単語,ぬ,6,ぬいばり,のらいぬ,いぬどし
単語,ぬ,7,ぬいもの,こまいぬ,かいぬし
単語,ぬ,8,ぬかるみ,おおいぬ,きぬいと
単語,ぬ,9,ぬくもり,しばいぬ,ばばぬき
単語,ぬ,10,ぬりかべ,とさいぬ,もちぬし
単語,ぬ,11,ぬけがら,しろいきぬ,たぬきそば
単語,ぬ,12,ぬるまゆ,くろいきぬ,ペンキぬり
単語,ぬ,13,ぬいぐるみ,ちゃいろいきぬ,きぬおりもの
単語,ぬ,14,ぬぎすてる,うちのいぬ,さぬきうどん
単語,ぬ,15,ぬらりひょん,となりのいぬ,きぬごしどうふ
単語,ね,1,ねこ,ふね,こねこ
単語,ね,2,ねる,はね,いねむり
単語,ね,3,ねつ,たね,たねまき
単語,ね,4,ねぎ,やね,トンネル
単語,ね,5,ねじ,ほね,ながねぎ
単語,ね,6,ねずみ,おかね,はねつき
単語,ね,7,ねごと,めがね,みけねこ
単語,ね,8,ねんど,きつね,おねえさん
単語,ね,9,ねぐせ,ゆぶね,かみねんど
単語,ね,10,ねだん,ひるね,こがねむし
単語,ね,11,ネクタイ,せぼね,はりねずみ
単語,ね,12,ねがえり,うたたね,まねきねこ
単語,ね,13,ねがいごと,なきまね,いちねんせい
単語,ね,14,ねったいぎょ,たすけぶね,たぬきねいり
単語,ね,15,ねんがじょう,むしめがね,プラネタリウム
単語,の,1,のど,おの,いのち
単語,の,2,のむ,つの,えのぐ
単語,の,3,のり,ぬの,きのこ
単語,の,4,のうか,もの,せのび
単語,の,5,ノート,きもの,あおのり
単語,の,6,のはら,すその,いのしし
単語,の,7,のやま,はもの,かずのこ
単語,の,8,のんき,ピアノ,たけのこ
単語,の,9,のうさぎ,いきもの,てのひら
単語,の,10,のこぎり,くだもの,あまのがわ
単語,の,11,のどあめ,はなぞの,こいのぼり
単語,の,12,のりしろ,もちもの,ものがたり
単語,の,13,のりまき,おとしもの,やまのぼり
単語,の,14,のぼりざか,たからもの,モノレール
単語,の,15,のりかええき,グランドピアノ,となりのいえ
単語,は,1,はえ,あげは,おはぎ
単語,は,2,はこ,かれは,おはな
単語,は,3,はし,このは,しはつ
単語,は,4,はた,うえのは,のはら
単語,は,5,はね,おく のは,みはり
単語,は,6,ハム,かきのは,おはじき
単語,は,7,はがき,ぎんのは,えはがき
単語,は,8,はさみ,く ろいは,おはよう
単語,は,9,はしご,ささのは,すなはま
単語,は,10,はたけ,したのは,なのはな
単語,は,11,はなび,しろいは,あげはちょう
単語,は,12,はく さい,みぎのは,あさごはん
単語,は,13,はちみつ,さく らのは,ふく らはぎ
単語,は,14,ハンカチ,ひだりのは,せんこうはなび
単語,は,15,ハンバーグ,もみじのは,セロハンテープ
単語,ば,1,バス,おば,かばん
単語,ば,2,バネ,カバ,じばん
単語,ば,3,バラ,さば,とばす
単語,ば,4,ばしょ,そば,きばる
単語,ば,5,ばあい,たば,くばる
単語,ば,6,バイク,はば,こばん
単語,ば,7,バイト,ヒバ,あばれる
単語,ば,8,バケツ,ゆば,おばさん
単語,ば,9,バスケ,ロバ,がんばる
単語,ば,10,バック,おおば,てばさき
単語,ば,11,バッジ,かいば,バラバラ
単語,ば,12,バット,アメーバ,ふんばる
単語,ば,13,バトン,やらねば,モバイル
単語,ば,14,バナナ,はしらねば,かっとばす
単語,ば,15,ばあちゃん,まにあわせねば,サバイバル
単語,ぱ,1,パイ,パパ,スパイ
単語,ぱ,2,パス,かっぱ,アパート
単語,ぱ,3,パリ,でんぱ,いっぱい
単語,ぱ,4,パン,なっぱ,かんぱい
単語,ぱ,5,パイプ,はっぱ,クレパス
単語,ぱ,6,パスタ,ラッパ,さんぱつ
単語,ぱ,7,パズル,りっぱ,しんぱい
単語,ぱ,8,パセリ,おかっぱ,デパート
単語,ぱ,9,パンダ,スリッパ,やっぱり
単語,ぱ,10,パンツ,はらっぱ,ワイパー
単語,ぱ,11,パンチ,あまがっぱ,しゅっぱつ
単語,ぱ,12,パトカー,おおざっぱ,フライパン
単語,ぱ,13,パラソル,ヨーロッパ,メロンパン
単語,ぱ,14,パイロット,ちゅうとはんぱ,チンパンジー
単語,ぱ,15,パイナップル,ぼうがいでんぱ,ジグソーパズル
単語,ひ,1,ひゃあ！,あひゃ！,にひゃく
単語,ひ,2,ひゃく,うひゃ！,ごひゃく
単語,ひ,3,ひゃく いち,どひゃ！,よんひゃく
単語,ひ,4,ひゃく えん,ふひゃ！,ななひゃく
単語,ひ,5,ひゃく てん,く まだ、 ひゃ！,きゅうひゃく
単語,ひ,6,ひゃっきん,サメだ、 ひゃ！,にひゃく えん
単語,ひ,7,ひゃっかてん,へびだ、 ひゃ！,ごひゃく えん
単語,ひ,8,ひゃっかじてん,おばけだ、 ひゃ！,よんひゃく えん
単語,ひ,9,ひゃく どまいり,むかでだ、 ひゃ！,ななひゃく えん
単語,ひ,10,ひゃく にちそう,ライオンだ、 ひゃ！,きゅうひゃく えん
単語,ひ,1,ひゅう,かが、 ひゅ！,ひゅうひゅう
単語,ひ,2,ひゅん,やが、 ひゅ！,ひゅるひゅる
単語,ひ,3,ひゅうが,いきが、 ひゅ！,いきが、 ひゅうひゅう
単語,ひ,4,ヒューズ,かぜが、 ひゅ！,かぜが、 ひゅうひゅう
単語,ひ,5,ひゅうがし,たかが、 ひゅ！,やが、 ひゅるひゅる
単語,ひ,6,ヒューマン,とりが、 ひゅ！,かぜが、 ひゅるひゅる
単語,ひ,7,ひゅうがなだ,ねこが、 ひゅ！,かみが、 ひゅるひゅる
単語,ひ,8,ひゅうがなつ,むしが、 ひゅ！,ゆきが、 ひゅるひゅる
単語,ひ,9,ヒューストン,からすが、 ひゅ！,リボンが、 ひゅるひゅる
単語,ひ,10,ヒューマンエラー,とんびが、 ひゅ！,わたげが、 ひゅるひゅる
単語,ひ,1,ひょう,あひょ！,ずひょう
単語,ひ,2,ひょうか,うひょ！,ちひょう
単語,ひ,3,ひょうし,どひょ！,どひょう
単語,ひ,4,ひょんな,ぬひょ！,こうひょう
単語,ひ,5,ひょうげん,ふひょ！,だいひょう
単語,ひ,6,ひょうしき,ぶひょ！,とうひょう
単語,ひ,7,ひょうたん,ぷひょ！,もく ひょう
単語,ひ,8,ひょうばん,むひょ！,じこく ひょう
単語,ひ,9,ひょうてんか,ひょひょ,よていひょう
単語,ひ,10,ひょうろんか,ひょっひょ,どうろひょうしき
単語,ひ,1,ひげ,きょひ,あひる
単語,ひ,2,ひざ,ぜひ,おひる
単語,ひ,3,ひな,まひ,おひれ
単語,ひ,4,ひま,あさひ,まひる
単語,ひ,5,ひも,おうひ,あごひげ
単語,ひ,6,ひがし,かいひ,おとひめ
単語,ひ,7,ひだり,がく ひ,おひるね
単語,ひ,8,ひつじ,ゆうひ,く つひも
単語,ひ,9,ひよこ,あく るひ,さく ひん
単語,ひ,10,ひろば,うみのひ,つなひき
単語,ひ,11,ひこうき,きねんひ,てのひら
単語,ひ,12,ひまわり,やまのひ,おひめさま
単語,ひ,13,ひさしぶり,こうつうひ,く りひろい
単語,ひ,14,ひなまつり,こどものひ,しおひがり
単語,ひ,15,ひとさしゆび,せいかつひ,しらゆきひめ
単語,び,1,びゃく,あびゃ！,さんびゃく
単語,び,2,びゃく え,うびゃ！,なんびゃく
単語,び,3,びゃっこ,おびゃ！,さんびゃく こ
単語,び,4,びゃく や,く びゃ！,さんびゃく えん
単語,び,5,びゃく げつ,こびゃ！,さんびゃく キロ
単語,び,6,びゃく ごう,そびゃ！,さんびゃく にん
単語,び,7,びゃく だん,たびゃ！,さんびゃく ねん
単語,び,8,びゃく れん,とびゃ！,さんびゃく まん
単語,び,9,びゃく やこう,ふびゃ！,なんびゃく にん
単語,び,10,びゃっこたい,ぶびゃ！,さんびゃく まんえん
単語,び,1,ビュー,あびゅ！,デビュー
単語,び,2,びゅっ！,うびゅ！,レビュー
単語,び,3,びゅーん！,おびゅ！,プレビュー
単語,び,4,ビュッフェ,く びゅ！,インタビュー
単語,び,5,ビューロー,さびゅ！,デジャビュ—
単語,び,6,ビューワー,ほびゅ！,ソロデビュー
単語,び,7,ビューティー,むびゅ！,プロデビュー
単語,び,8,ビューティフル,もびゅ！,ドラマデビュー
単語,び,9,ビューポイント,ぐびゅ！,パノラマビュー
単語,び,10,ビューティーサロン,ばびゅ！,テレビインタビュー
単語,び,1,びょう,うびょ！,がびょう
単語,び,2,びょうが,とびょ！,けびょう
単語,び,3,びょうき,ぬびょ！,にびょう
単語,び,4,びょうご,ねびょ！,いちびょう
単語,び,5,びょうぶ,のびょ！,おく びょう
単語,び,6,びょういん,ふびょ！,かんびょう
単語,び,7,びょうどう,へびょ！,てびょうし
単語,び,8,びょうよみ,ほびょ！,せびょうし
単語,び,9,びょうじゃく,ぶびょ！,さんびょうし
単語,び,10,びょうききゅうか,ぷびょ！,とんとんびょうし
単語,び,1,びか,えび,あびる
単語,び,2,ビス,おび,おびれ
単語,び,3,びわ,きび,くびわ
単語,び,4,びん,くび,こびと
単語,び,5,ビーム,さび,さびる
単語,び,6,ビール,たび,せびれ
単語,び,7,ビンゴ,ナビ,のびる
単語,び,8,びじん,ひび,まきびし
単語,び,9,ビーだま,へび,さんびか
単語,び,10,びっくり,ゆび,びりびり
単語,び,11,びっしり,よび,エビフライ
単語,び,12,ビニール,あそび,ひからびる
単語,び,13,びよーん,はなび,くびかざり
単語,び,14,ビートばん,わさび,びしょびしょ
単語,び,15,びよういん,なわとび,ゆびにんぎょう
単語,ぴ,1,ぴゃー,あぴゃ！,ぴゃぴゃっ
単語,ぴ,2,ぴゃっ,うぴゃ！,あぴゃぴゃ
単語,ぴ,3,ぴゃんこ,おぴゃ！,うぴゃぴゃ
単語,ぴ,4,ぴゃんた,く ぴゃ！,はっぴゃく
単語,ぴ,5,ぴゃりん,ちぴゃ！,ろっぴゃく
単語,ぴ,6,ぴゃちょん,はぴゃ！,はっぴゃく えん
単語,ぴ,7,ぴゃっぴー,ふぴゃ！,ろっぴゃく えん
単語,ぴ,8,ぴゃっこりん,ほぴゃ！,はっぴゃく まん
単語,ぴ,9,ぴゃんたろう,わぴゃ！,ろっぴゃく まん
単語,ぴ,10,ぴゃんこたろう,ぴぴゃ！,はっぴゃく まんえん
単語,ぴ,1,ピュア,あぴゅ！,ラピュタ
単語,ぴ,2,ぴゅう,うぴゅ！,ポピュラー
単語,ぴ,3,ぴゅっ,おぴゅ！,ぴゅうぴゅう
単語,ぴ,4,ピューマ,く ぴゅ！,コンピューター
単語,ぴ,5,ピューレ,ふぴゅ！,ポピュリスト
単語,ぴ,6,ピュアなひと,ほぴゅ！,ポピュリズム
単語,ぴ,7,ピュアなこころ,ばぴゅ！,ポピュラリティ
単語,ぴ,8,ピュアタブレット,ぶぴゅ！,ミニコンピューター
単語,ぴ,9,ピュアアンドロイド,ぱぴゅ！,コンピューターゲーム
単語,ぴ,10,ピュアオリーブオイル,ぴゅぴゅ！,コンピューターウイルス
単語,ぴ,1,ぴょこ,あぴょ！,いっぴょう
単語,ぴ,2,ぴょん,うぴょ！,かんぴょう
単語,ぴ,3,ぴょっ,おぴょ！,でんぴょう
単語,ぴ,4,ぴょんこ,く ぴょ！,ねんぴょう
単語,ぴ,5,ぴょんた,ふぴょ！,はっぴょう
単語,ぴ,6,ぴょっと,ほぴょ！,ひんぴょう
単語,ぴ,7,ぴょこたん,むぴょ！,ぴょこぴょこ
単語,ぴ,8,ぴょんきち,もぴょ！,ぴょんぴょん
単語,ぴ,9,ぴょんこりん,ばぴょ！,とっぴょうし
単語,ぴ,10,ぴょんたろう,ぴょぴょ！,はっぴょうかい
単語,ぴ,1,ピザ,あんぴ,コピー
単語,ぴ,2,ピン,オカピ,えんぴつ
単語,ぴ,3,ピアノ,さんぴ,しんぴん
単語,ぴ,4,ピエロ,ざっぴ,スピーチ
単語,ぴ,5,ピラフ,じっぴ,スピード
単語,ぴ,6,ピンク,しんぴ,ハッピー
単語,ぴ,7,ピンチ,だっぴ,ヘアピン
単語,ぴ,8,ピアニカ,ねんぴ,スピーカー
単語,ぴ,9,ピストル,はっぴ,トッピング
単語,ぴ,10,ぴったり,いもけんぴ,ワンピース
単語,ぴ,11,ピーマン,ていねんぴ,あんぜんピン
単語,ぴ,12,ピーナッツ,へびのだっぴ,いろえんぴつ
単語,ぴ,13,ピクニック,く るまのねんぴ,オリンピック
単語,ぴ,14,ピンセット,せいねんがっぴ,グリンピース
単語,ぴ,15,ピーターパン,まつりのはっぴ,チャンピオン
単語,ぴ,1,プロ,おんぷ,エプロン
単語,ぴ,2,プール,カップ,カプセル
単語,ぴ,3,プリン,きっぷ,スプーン
単語,ぴ,4,プリンス,コップ,てんぷら
単語,ぴ,5,プリント,ロープ,グランプリ
単語,ぴ,6,プロペラ,キャップ,シャンプー
単語,ぴ,7,プロレス,キャンプ,せんぷうき
単語,ぴ,8,プチトマト,グループ,ダンプカー
単語,ぴ,9,プラモデル,クレープ,カップスープ
単語,ぴ,10,プリンセス,ジャンプ,ヘリコプター
単語,ぴ,11,プリンター,スコップ,ロープウェー
単語,ぴ,12,プレゼント,トランプ,カップラーメン
単語,ぴ,13,プラスチック,ケチャップ,リップクリーム
単語,ぴ,14,プロやきゅう,チューリップ,グレープジュース
単語,ぴ,15,プラネタリウム,セロハンテープ,シャープペンシル
単語,ふ,1,ふえ,きふ,おふろ
単語,ふ,2,ふく,そふ,スフレ
単語,ふ,3,ふた,ひふ,なふだ
単語,ふ,4,ふね,がく ふ,リフト
単語,ふ,5,ふゆ,ゴルフ,わふく
単語,ふ,6,ふきん,さいふ,アフリカ
単語,ふ,7,ふく ろ,とうふ,あめふり
単語,ふ,8,ふたつ,ナイフ,おうふく
単語,ふ,9,ふつう,ピラフ,おてふき
単語,ふ,10,フライ,もうふ,せいふく
単語,ふ,11,ふうせん,ごまどうふ,だいふく
単語,ふ,12,ふみきり,キックオフ,えびフライ
単語,ふ,13,ふりかけ,コンビーフ,かみふうせん
単語,ふ,14,ふゆやすみ,えびピラフ,パンフレット
単語,ふ,15,フライパン,カッターナイフ,ソフトクリーム
単語,ぶ,1,ぶき,とぶ,あぶら
単語,ぶ,2,ぶし,あそぶ,きぶん
単語,ぶ,3,ぶた,えらぶ,コブラ
単語,ぶ,4,ぶち,さけぶ,たぶん
単語,ぶ,5,ブナ,ならぶ,てぶら
単語,ぶ,6,ぶり,はこぶ,だいぶつ
単語,ぶ,7,ぶいん,しょうぶ,はんぶん
単語,ぶ,8,ぶきみ,グローブ,ぶくぶく
単語,ぶ,9,ぶたい,ストーブ,ぶらぶら
単語,ぶ,10,ぶどう,たけやぶ,ぶるぶる
単語,ぶ,11,ぶんぐ,みみたぶ,ぶんぶん
単語,ぶ,12,ブロック,ごはんつぶ,あぶらあげ
単語,ぶ,13,ぶつぞう,きゅうカーブ,かぶとむし
単語,ぶ,14,ブランコ,クリスマスイブ,ひさしぶり
単語,ぶ,15,ブーメラン,いっぱつしょうぶ,どうぶつえん
単語,へ,1,へい,ごのへ,おへそ
単語,へ,2,へた,く のへ,かへい
単語,へ,3,へび,にのへ,しへい
単語,へ,4,へや,いちのへ,てへん
単語,へ,5,へら,さんのへ,はへん
単語,へ,6,へいき,しちのへ,うみへび
単語,へ,7,へいわ,はちのへ,こうへい
単語,へ,8,へちま,ろく のへ,すいへい
単語,へ,9,へんか,あれ、 ごのへ,たいへん
単語,へ,10,へんじ,ここ、 く のへ,どく へび
単語,へ,11,ヘアピン,そこ、 にのへ,ちへいせん
単語,へ,12,へいじつ,ここがいちのへ,ふこうへい
単語,へ,13,へいたい,あそこがさんのへ,すいへいせん
単語,へ,14,ヘルメット,こちらがしちのへ,ホームヘルパー
単語,へ,15,ヘリコプター,そちらがはちのへ,バームクーヘン
単語,べ,1,べつ,かべ,たべる
単語,べ,2,べに,なべ,とべる
単語,べ,3,ベル,うみべ,あべこべ
単語,べ,4,べろ,おしべ,イベント
単語,べ,5,ベッド,どなべ,かべかけ
単語,べ,6,ベルト,まどべ,くちべに
単語,べ,7,ベンチ,めしべ,しゃべる
単語,べ,8,べんり,かもなべ,ダンベル
単語,べ,9,ベージュ,もつなべ,ならべる
単語,べ,10,ベーコン,よせなべ,べたべた
単語,べ,11,ベランダ,あっかんべ,こどもべや
単語,べ,12,べんきょう,しちならべ,すべりだい
単語,べ,13,べんごし,とりしらべ,ショベルカー
単語,べ,14,べんとう,せいくらべ,エレベーター
単語,べ,15,べっこうあめ,あつりょくなべ,なべやきうどん
単語,ぺ,1,ペア,ほっぺ,オペラ
単語,ぺ,2,ペン,もんぺ,スペア
単語,ぺ,3,ページ,ルーペ,かんぺき
単語,ぺ,4,ペダル,カナッペ,スペイン
単語,ぺ,5,ペット,フラッペ,スペード
単語,ぺ,6,ペルー,あかいほっぺ,プロペラ
単語,ぺ,7,ペンキ,いいだしっぺ,カーペット
単語,ぺ,8,ペリカン,ヘッドルーペ,コッペパン
単語,ぺ,9,ペンギン,いちごフラッペ,スペシャル
単語,ぺ,10,ぺったんこ,サラダカナッペ,こんぺいとう
単語,ぺ,11,ペンダント,スタンドルーペ,サスペンダー
単語,ぺ,12,ペンライト,メロンフラッペ,トランペット
単語,ぺ,13,ペットボトル,レモンフラッペ,ホームページ
単語,ぺ,14,ペットショップ,チーズのカナッペ,スペースシャトル
単語,ぺ,15,ペーパータオル,あかちゃんのほっぺ,ティッシュペーパー
単語,ほ,1,ほか,とほ,えほん
単語,ほ,2,ほし,いかほ,にほん
単語,ほ,3,ほね,いなほ,まほう
単語,ほ,4,ほうき,かく ほ,みほん
単語,ほ,5,ほく ろ,こうほ,よほう
単語,ほ,6,ほこり,こく ほ,けいほう
単語,ほ,7,ほたる,スマホ,ごほうび
単語,ほ,8,ほのお,たいほ,とうほく
単語,ほ,9,ホテル,きょうほ,おほしさま
単語,ほ,10,ほうかご,けいぶほ,ヘッドホン
単語,ほ,11,ほうせき,たかちほ,マンホール
単語,ほ,12,ほんだな,りっこうほ,ユニホーム
単語,ほ,13,ほいく えん,あるきスマホ,てんきよほう
単語,ほ,14,ほうれんそう,きどうかく ほ,ものほしざお
単語,ほ,15,ホットケーキ,ごにんたいほ,おうだんほどう
単語,ぼ,1,ぼう,そぼ,おぼん
単語,ぼ,2,ぼく,えくぼ,ごぼう
単語,ぼ,3,ボス,おうぼ,つぼみ
単語,ぼ,4,ぼち,そふぼ,のぼる
単語,ぼ,5,ぼうし,たんぼ,めんぼう
単語,ぼ,6,ぼうず,とんぼ,ぼちぼち
単語,ぼ,7,ボート,あめんぼ,ぼろぼろ
単語,ぼ,8,ボール,おせいぼ,ぼんぼり
単語,ぼ,9,ボンド,かけいぼ,らんぼう
単語,ぼ,10,ボーナス,ストロボ,ロボット
単語,ぼ,11,ぼうはん,あかとんぼ,こいのぼり
単語,ぼ,12,ぼたもち,あまえんぼ,のぼりぼう
単語,ぼ,13,ボリューム,かくれんぼ,ダンボール
単語,ぼ,14,ぼうかんぐ,くいしんぼ,しょうぼうしゃ
単語,ぼ,15,ぼうふうう,さくらんぼ,てるてるぼうず
単語,ぽ,1,ポイ,いっぽ,いっぽん
単語,ぽ,2,ポスト,コンポ,かんぽう
単語,ぽ,3,ポット,さんぽ,けんぽう
単語,ぽ,4,ポテト,しっぽ,スポーツ
単語,ぽ,5,ポンず,しんぽ,スポンジ
単語,ぽ,6,ポンプ,テンポ,たんぽぽ
単語,ぽ,7,ポイント,のっぽ,てっぽう
単語,ぽ,8,ポケット,かたっぽ,エアポート
単語,ぽ,9,ポスター,からっぽ,サポーター
単語,ぽ,10,ポロシャツ,さきっぽ,ちゃんぽん
単語,ぽ,11,ポリぶく ろ,ゆたんぽ,スポーツカー
単語,ぽ,12,ポルトガル,あといっぽ,トランポリン
単語,ぽ,13,ポップコーン,かしてんぽ,スイートポテト
単語,ぽ,14,ポテトチップ,アップテンポ,フライドポテト
単語,ぽ,15,ポイントカード,えびのしっぽ,フルーツポンチ
単語,ま,1,まえ,うま,あまり
単語,ま,2,まち,く ま,きまり
単語,ま,3,まめ,こま,なまえ
単語,ま,4,まる,ひま,あまえる
単語,ま,5,まご,ごま,あんまん
単語,ま,6,マイク,あたま,しまうま
単語,ま,7,まえば,こぐま,しまりす
単語,ま,8,まく ら,さんま,にく まん
単語,ま,9,まほう,すきま,かたまり
単語,ま,10,まんが,だるま,ひまわり
単語,ま,11,マント,ふすま,ピーマン
単語,ま,12,マッチ,おてだま,さつまいも
単語,ま,13,マカロニ,く ろごま,まえまわり
単語,ま,14,まんげつ,すりごま,みずたまり
単語,ま,15,マヨネーズ,シャボンだま,おまわりさん
単語,み,1,みゃあ,うみゃ！,こうみゃく
単語,み,2,みゃく,く みゃ！,さんみゃく
単語,み,3,みゃく あつ,ふみゃ！,すいみゃく
単語,み,4,みゃく うつ,へみゃ！,どうみゃく
単語,み,5,みゃく どう,ほみゃ！,ようみゃく
単語,み,6,みゃく はく,ぐみゃ！,かざんみゃく
単語,み,7,みゃく らく,ぶみゃ！,じょうみゃく
単語,み,8,ミャンマー,ぷみゃ！,ふせいみゃく
単語,み,9,ミャンマーご,ぽみゃ！,みゃあみゃあ
単語,み,10,ミャンマーじん,きてみゃ,みゃく みゃく
単語,み,1,みゅう,うみゅ！,バミューダ
単語,み,2,ミュート,く みゅ！,コミュニティ
単語,み,3,ミューズ,ふみゅ！,みゅうみゅう
単語,み,4,ミュール,ほみゅ！,アミューズメント
単語,み,5,ミュンヘン,むみゅ！,シミュレーション
単語,み,6,ミュージアム,ぐみゅ！,バミューダパンツ
単語,み,7,ミュージカル,ごみゅ！,コミュニケーション
単語,み,8,ミュージック,ぶみゅ！,コミュニティセンター
単語,み,9,ミュージシャン,ぷみゅ！,アミューズメントパーク
単語,み,10,ミュージカルスター,ぽみゅ！,シミュレーションゲーム
単語,み,1,みょう,うみょ！,きみょう
単語,み,2,みょうが,く みょ！,びみょう
単語,み,3,みょうじ,ぬみょ！,こうみょう
単語,み,4,みょうり,ふみょ！,じゅみょう
単語,み,5,みょうあん,ほみょ！,しんみょう
単語,み,6,みょうこう,もみょ！,ぜつみょう
単語,み,7,みょうにち,ぐみょ！,だいみょう
単語,み,8,みょうごにち,ぶみょ！,ほんみょう
単語,み,9,みょうじょう,ぷみょ！,だいみょうじん
単語,み,10,みょうちょう,ぽみょ！,へいきんじゅみょう
単語,み,1,みせ,あみ,こみち
単語,み,2,みそ,うみ,あみど
単語,み,3,みち,かみ,おみせ
単語,み,4,みず,せみ,ひみつ
単語,み,5,みぞ,グミ,ゆみや
単語,み,6,みかん,ごみ,あみもの
単語,み,7,みどり,あじみ,うみねこ
単語,み,8,みらい,かがみ,おみまい
単語,み,9,みずぎ,はさみ,かみのけ
単語,み,10,みんな,たたみ,きみどり
単語,み,11,みかづき,つぼみ,はちみつ
単語,み,12,みけねこ,おりがみ,よりみち
単語,み,13,みずいろ,みつあみ,おおみそか
単語,み,14,みつばち,おてがみ,かがみもち
単語,み,15,ミーアキャット,たのしみ,ミンミンゼミ
単語,む,1,むし,のむ,さむい
単語,む,2,むら,ふむ,ねむい
単語,む,3,むり,よむ,けむり
単語,む,4,むしば,ガム,かんむり
単語,む,5,むかで,ジャム,こむぎこ
単語,む,6,むすこ,つかむ,おむかえ
単語,む,7,むすめ,はさむ,かわむき
単語,む,8,むらさき,チーム,かぶとむし
単語,む,9,むしよけ,ビーム,かたつむり
単語,む,10,むしぱん,チャイム,こっちむき
単語,む,11,むぎちゃ,いちごジャム,あっちむき
単語,む,12,むずかしい,りんごジャム,でんでんむし
単語,む,13,むしめがね,アイスクリーム,てんとうむし
単語,む,14,むじんとう,ソフトクリーム,クリームパン
単語,む,15,むぎちょこ,ジャングルジム,あっちむいてほい
単語,め,1,めす,あめ,ごめん
単語,め,2,めいろ,うめ,カメラ
単語,め,3,めがね,かめ,おめん
単語,め,4,メダル,こめ,しめる
単語,め,5,めだか,つめ,とめる
単語,め,6,メロン,まめ,あめだま
単語,め,7,めざまし,ゆめ,あめふり
単語,め,8,めじるし,すずめ,アメリカ
単語,め,9,めんどり,つばめ,うめぼし
単語,め,10,めだまやき,わかめ,つめきり
単語,め,11,めんたいこ,えだまめ,まめまき
単語,め,12,メンチカツ,おりひめ,ラーメン
単語,め,13,メロンソーダ,かぐやひめ,きんメダル
単語,め,14,めざましどけい,おやゆびひめ,ぎんメダル
単語,め,15,メリーゴーランド,しらゆきひめ,マスクメロン
単語,も,1,もち,いも,おもり
単語,も,2,もり,かも,く もり
単語,も,3,もじ,く も,すもう
単語,も,4,もうふ,ひも,ひもの
単語,も,5,もぐら,いつも,あしもと
単語,も,6,もっと,こども,いきもの
単語,も,7,もなか,マリモ,く だもの
単語,も,8,もみじ,あまぐも,しゃもじ
単語,も,9,もやし,かるがも,たべもの
単語,も,10,ものさし,ちっとも,ともだち
単語,も,11,もく ようび,さといも,のりもの
単語,も,12,モノレール,さつまいも,もちもの
単語,も,13,モンスター,じゃがいも,おもてなし
単語,も,14,もういっかい,ひこうきぐも,こもりうた
単語,も,15,もめんどうふ,いしやきいも,ももたろう
単語,や,1,やく,おや,おやこ
単語,や,2,やま,こや,おやつ
単語,や,3,やかん,へや,はやい
単語,や,4,やさい,こめや,はやし
単語,や,5,やすい,こんや,もやし
単語,や,6,やすみ,パンや,あやとり
単語,や,7,やすむ,はなや,おみやげ
単語,や,8,やきいも,ほんや,おやゆび
単語,や,9,やきとり,てれや,すやすや
単語,や,10,やきそば,いぬごや,たこやき
単語,や,11,やきにく,く すりや,なつやすみ
単語,や,12,やく そく,ちちおや,かぐやひめ
単語,や,13,やさしい,ははおや,おやゆびひめ
単語,や,14,やどかり,おもちゃや,おばけやしき
単語,や,15,やわらかい,はずかしがりや,ひやしちゅうか
単語,ゆ,1,ゆか,あゆ,あゆみ
単語,ゆ,2,ゆき,おゆ,かゆい
単語,ゆ,3,ゆげ,つゆ,こゆび
単語,ゆ,4,ゆび,ふゆ,じゆう
単語,ゆ,5,ゆめ,まゆ,まゆげ
単語,ゆ,6,ゆびわ,おかゆ,りゆう
単語,ゆ,7,ゆぶね,まふゆ,おやゆび
単語,ゆ,8,ゆらす,ラーゆ,こなゆき
単語,ゆ,9,ゆれる,しょうゆ,つゆだく
単語,ゆ,10,ゆっく り,おとこゆ,つゆどき
単語,ゆ,11,ユーカリ,おんなゆ,なかゆび
単語,ゆ,12,ゆうしょう,てんつゆ,く すりゆび
単語,ゆ,13,ゆきだるま,めんつゆ,ふゆやすみ
単語,ゆ,14,ゆでたまご,しょうがゆ,しらゆきひめ
単語,ゆ,15,ゆうびんきょく,たまごがゆ,ひとさしゆび
単語,よ,1,よこ,あんよ,つよい
単語,よ,2,よる,つきよ,まよこ
単語,よ,3,よごれ,あのよ,まよう
単語,よ,4,よだれ,このよ,いよいよ
単語,よ,5,よてい,いいよ,かようび
単語,よ,6,よなか,みてよ,どようび
単語,よ,7,よやく,やるよ,なかよし
単語,よ,8,よろい,あまいよ,まよなか
単語,よ,9,よわい,そうだよ,ヨーヨー
単語,よ,10,ヨット,できるよ,さようなら
単語,よ,11,ようかい,はしるよ,にちようび
単語,よ,12,ようふく,おいしいよ,びよういん
単語,よ,13,ようちえん,かわいいよ,マヨネーズ
単語,よ,14,ヨーグルト,こっちだよ,かいすいよく
単語,よ,15,ヨーロッパ,たのしいよ,みずようかん
単語,ら,1,らく,うら,からだ
単語,ら,2,らん,えら,きらい
単語,ら,3,ラスク,く ら,く らい
単語,ら,4,らっぱ,にら,たらい
単語,ら,5,ラーメン,さら,ゆらい
単語,ら,6,ライむぎ,そら,のらいぬ
単語,ら,7,ラムしゅ,わら,ほらふき
単語,ら,8,ライオン,く じら,きらきら
単語,ら,9,らんぼう,こちら,おすライオン
単語,ら,10,ラッキー,さく ら,さく らいろ
単語,ら,11,らっかせい,たいら,そらのうえ
単語,ら,12,ラズベリー,やぐら,わらのいえ
単語,ら,13,ラスベガス,あおぞら,マーライオン
単語,ら,14,ランドセル,ざとうく じら,みそラーメン
単語,ら,15,ランニングシューズ,しだれざく ら,こちょうらん
単語,り,1,りゃく,ありゃ！,がいりゃく
単語,り,2,りゃく が,うりゃ！,かんりゃく
単語,り,3,りゃく ご,おりゃ！,けいりゃく
単語,り,4,りゃく じ,こりゃ！,こうりゃく
単語,り,5,りゃく ず,せりゃ！,さく りゃく
単語,り,6,りゃく ごう,そりゃ！,しんりゃく
単語,り,7,りゃく しき,ほりゃ！,ぜんりゃく
単語,り,8,りゃく だつ,みりゃ！,ほうりゃく
単語,り,9,りゃく れき,やりゃ！,しょうりゃく
単語,り,10,りゃく しょう,どりゃ！,こうりゃく ぼん
単語,り,1,りゅう,うりゅ！,かりゅう
単語,り,2,りゅうき,く りゅ！,きりゅう
単語,り,3,りゅうぎ,すりゅ！,トリュフ
単語,り,4,りゅうし,とりゅ！,いちりゅう
単語,り,5,りゅういき,にりゅ！,ボリューム
単語,り,6,りゅうがく,むりゅ！,でんりゅう
単語,り,7,りゅうこう,ぐりゅ！,きょうりゅう
単語,り,8,りゅうひょう,づりゅ！,にとうりゅう
単語,り,9,りゅうがく せい,ばりゅ！,きゅうりゅうく だり
単語,り,10,リュックサック,ロウリュ,いちりゅうせんしゅ
単語,り,1,りょう,うりょ！,しりょく
単語,り,2,りょひ,おりょ！,どりょく
単語,り,3,りょかん,ぬりょ！,みりょく
単語,り,4,りょこう,ねりょ！,ちりょう
単語,り,5,りょうて,へりょ！,むりょう
単語,り,6,りょうり,ほりょ,あく りょく
単語,り,7,りょうかい,えんりょ,たいりょく
単語,り,8,りょうきん,そうりょ,ざいりょう
単語,り,9,りょうめん,はいりょ,ちょうみりょう
単語,り,10,りょうしゅうしょ,はんりょ,かいがいりょこう
単語,り,1,りす,あり,ぬりえ
単語,り,2,りく,とり,ゴリラ
単語,り,3,りか,く り,クリア
単語,り,4,りんご,おり,アメリカ
単語,り,5,リズム,かざり,おりがみ
単語,り,6,りぼん,きゅうり,ざりがに
単語,り,7,りゆう,く もり,きりかぶ
単語,り,8,リモコン,ひかり,のりもの
単語,り,9,リビング,みどり,プリント
単語,り,10,りっきょう,ひだり,ありがとう
単語,り,11,リサイクル,おにぎり,おく りもの
単語,り,12,リクエスト,かみなり,きりぎりす
単語,り,13,リコーダー,にわとり,クリスマス
単語,り,14,リハーサル,かたつむり,シュークリーム
単語,り,15,りんごジュース,こいのぼり,ヘリコプター
単語,る,1,るす,はる,いるか
単語,る,2,るい,まる,く るま
単語,る,3,ルビー,く る,だるま
単語,る,4,ルパン,つる,ひるね
単語,る,5,ループ,さる,ミルク
単語,る,6,ルーム,かえる,アルバム
単語,る,7,ルーペ,あひる,はるかぜ
単語,る,8,るいせん,パズル,かざぐるま
単語,る,9,るすばん,タオル,く るまいす
単語,る,10,るりいろ,のぼる,ボールペン
単語,る,11,るすたく,ルール,ヨーグルト
単語,る,12,ルーマニア,サンダル,ぬいぐるみ
単語,る,13,ルーレット,トンネル,ヘルメット
単語,る,14,ルームライト,ランドセル,ゆきだるま
単語,る,15,るすばんでんわ,パイナップル,てるてるぼうず
単語,れ,1,れつ,はれ,テレビ
単語,れ,2,レジ,すみれ,うれしい
単語,れ,3,れい,あられ,オムレツ
単語,れ,4,れつ,みぞれ,オレンジ
単語,れ,5,レタス,といれ,かく れる
単語,れ,6,れんが,よだれ,く れよん
単語,れ,7,れんげ,うりきれ,ぎょうれつ
単語,れ,8,レモン,おしいれ,カレンダー
単語,れ,9,れんこん,きまぐれ,プレゼント
単語,れ,10,れいぞうこ,こまぎれ,ながれぼし
単語,れ,11,れんしゅう,しなぎれ,わすれもの
単語,れ,12,レストラン,ゆうぐれ,ほうれんそう
単語,れ,13,レターケース,がけく ずれ,エレベーター
単語,れ,14,レインコート,さつきばれ,エスカレーター
単語,れ,15,れいとうしょく ひん,なかまはずれ,デコレーション
単語,ろ,1,ろば,いろ,ひろば
単語,ろ,2,ろく,しろ,とろろ
単語,ろ,3,ロープ,く ろ,しろく ま
単語,ろ,4,ロシア,うしろ,マカロニ
単語,ろ,5,ろうか,きいろ,いろいろ
単語,ろ,6,ロボット,おふろ,よろこぶ
単語,ろ,7,ろうそく,だんろ,どろぼう
単語,ろ,8,ろうじん,どうろ,おもしろい
単語,ろ,9,ロンドン,ピエロ,プログラム
単語,ろ,10,ろせんバス,めいろ,パイロット
単語,ろ,11,ロールパン,はいいろ,いろえんぴつ
単語,ろ,12,ロープウェイ,いしころ,く ろこしょう
単語,ろ,13,ろく せんえん,てぶく ろ,とうもろこし
単語,ろ,14,ろっぴゃく えん,かみぶく ろ,もんしろちょう
単語,ろ,15,ローラースケート,こうそく どうろ,きいろすずめばち
単語,わ,1,わき,あわ,いわし
単語,わ,2,わく,いわ,うわぎ
単語,わ,3,わし,かわ,おわり
単語,わ,4,わた,せわ,こわい
単語,わ,5,わに,びわ,すわる
単語,わ,6,わかめ,うきわ,ちゃわん
単語,わ,7,わゴム,うちわ,うわぐつ
単語,わ,8,わさび,ちくわ,かわいい
単語,わ,9,わたし,でんわ,くわがた
単語,わ,10,わなげ,ゆびわ,しあわせ
単語,わ,11,わすれる,うちがわ,にわとり
単語,わ,12,わたあめ,そとがわ,ひまわり
単語,わ,13,わりばし,つりかわ,おおさわぎ
単語,わ,14,ワイシャツ,あまのがわ,かしわもち
単語,わ,15,ワンピース,むこうがわ,まちあわせ
単語,ん,1,,ぱん,みんな
単語,ん,2,,あん,まんが
単語,ん,3,,かん,さんか
単語,ん,4,,ほん,でんわ
単語,ん,5,,ペン,かんたん
単語,ん,6,,きん,てんぷら
単語,ん,7,,ぎん,えんぴつ
単語,ん,8,,けん,けんだま
単語,ん,9,,みかん,せんせい
単語,ん,10,,ごはん,もんだい
単語,ん,11,,やかん,にんにく
単語,ん,12,,ふとん,ほうせんか
単語,ん,13,,ラーメン,しんぶんし
単語,ん,14,,おばさん,ぱんやさん
単語,ん,15,,おじさん,ひとあんしん